id;phone;email_enabled;sms_enabled;last_login_date;last_login_ip;is_locked;lock_date;max_images;valid_days;is_privacy_enabled
1;1-901-013-0765;true;false;2020-07-13T16:53:52;94531;false;2020-07-13T05:29:33;1;49;false
2;1-412-584-6429 ;true;false;2020-07-13T09:45:59;5286;false;2020-07-12T19:54:30;5;14;false
3;070-321-2871 x0;true;true;2020-07-12T23:33:48;38000;false;2020-07-13T08:07:48;9;68;false
4;979-428-4029;true;false;2020-07-13T09:21:10;21992;false;2020-07-13T05:00:35;8;35;false
5;074.526.9809 x0;false;false;2020-07-13T15:52:07;86524;false;2020-07-13T14:19:35;3;44;true
6;(358) 715-4900;true;false;2020-07-13T14:15:35;23425;false;2020-07-13T11:58:38;0;48;true
7;(592) 746-9302 ;true;false;2020-07-13T13:47:19;38084;true;2020-07-13T15:09:14;13;0;true
8;1-686-242-0479 ;true;true;2020-07-13T12:31:26;45579;true;2020-07-12T20:09:01;2;24;true
9;(081) 352-0560 ;false;false;2020-07-12T17:38:06;42844;true;2020-07-13T00:23:10;16;50;false
10;622-122-6222 x7;true;true;2020-07-13T10:12:36;76850;false;2020-07-13T00:56:59;2;60;true
